commune,departement,Population_2002,taux_decimal
Za-Kpota,Zou,87076,0.039
Zogbodomey,Zou,72338,0.023
Dogbo,Couffo,76942,0.027
Nikki,Borgou,111162,0.038
Kouande,Atakora,81165,0.0289999999999999
Porto-Novo,Oueme,223552,0.015
Ouake,Donga,54286,0.0289999999999999
Boukoumbe,Atakora,60568,0.0279999999999999
Kalale,Borgou,100032,0.054
Ze,Atlantique,72486,0.036
So-Ava,Atlantique,78246,0.038
Sakete,Plateau,69344,0.045
Abomey,Zou,78341,0.015
Kandi,Alibori,113256,0.042
Materi,Atakora,82057,0.03
Tori-Bossito,Atlantique,39818,0.034
Toffo,Atlantique,74342,0.0279999999999999
Gogounou,Alibori,80013,0.036
Zangnanado,Zou,45145,0.0289999999999999
Bopa,Mono,71838,0.027
Lalo,Couffo,80164,0.037
Segbana,Alibori,52471,0.049
Grand-Popo,Mono,40335,0.032
Adjohoun,Oueme,60951,0.019
Agbangnizoun,Zou,55007,0.025
Tanguieta,Atakora,54714,0.0279999999999999
Cove,Zou,34559,0.036
Perere,Borgou,44431,0.052
Athieme,Mono,39502,0.025
Avrankou,Oueme,73562,0.031
Save,Collines,67741,0.023
Glazoue,Collines,90729,0.0289999999999999
Ouinhi,Zou,38332,0.021
Seme-Podji,Oueme,115238,0.061
Toviklin,Couffo,61273,0.034
Bassila,Donga,71511,0.055
Ketou,Plateau,100499,0.0409999999999999
Bembereke,Borgou,94580,0.03
Kerou,Atakora,62514,0.044
N'Dali,Borgou,67379,0.048
Akpro-Misserete,Oueme,72473,0.052
Ouidah,Atlantique,76595,0.07
Cotonou,Littoral,665100,0.0018
Dassa-Zoume,Collines,93060,0.017
Allada,Atlantique,91778,0.03
Pehunco,Atakora,55101,0.032
Abomey-Calavi,Atlantique,307745,0.071
Klouekanme,Couffo,95166,0.027
Come,Mono,57710,0.0289999999999999
Ifangni,Plateau,71714,0.04
Bohicon,Zou,113069,0.038
Tchaourou,Borgou,142270,0.0409999999999999
Parakou,Borgou,149819,0.049
Savalou,Collines,104749,0.0289999999999999
Aplahoue,Couffo,116911,0.035
Pobe,Plateau,82910,0.036
Toukountouna,Atakora,30101,0.025
Malanville,Alibori,101015,0.047
Banikoara,Alibori,152028,0.045
Dangbo,Oueme,66205,0.034
Adja-Ouere,Plateau,72084,0.044
Houeyogbe,Mono,74492,0.0279999999999999
Kpomasse,Atlantique,67073,0.011
Cobly,Atakora,49026,0.03
Sinende,Borgou,70335,0.024
Djakotomey,Couffo,96735,0.03
Djidja,Zou,81816,0.038
Aguegues,Oueme,26650,0.047
Ouesse,Collines,91402,0.04
Karimama,Alibori,39579,0.048
Natitingou,Atakora,75620,0.0289999999999999
Lokossa,Mono,77095,0.0279999999999999
Adjarra,Oueme,60112,0.044
Bante,Collines,82129,0.024
Bonou,Oueme,29834,0.036
Djougou,Donga,181895,0.036
Copargo,Donga,52627,0.027
